Strategy,Final,CAGR,MDD,Sharpe,Sortino,Calmar,NumTrades,TotalTaxPaid,NumDays,Rank
BM2_TQQQ_BH,262.1175340578347,0.4207503457471695,-0.8165984946973706,0.8840436915411324,0.8833510480008915,0.5152475157367251,0,0.0,3996,1
E03_Ensemble_SGOV,92.83282976181297,0.33072798277543636,-0.5441710666757109,0.8593174474912849,0.8724806691785384,0.6077647325055741,52,9.641984613909731,3996,2
BM4_TQQQ_SMA200,65.70924109445743,0.30204229387434633,-0.5657937972706573,0.8138381113000176,0.7628102443075847,0.5338381144002877,85,6.893719216618745,3996,3
BM1_QQQ_BH,16.321538821535203,0.19256052563542636,-0.35118722252796586,0.956957097769879,1.1981157987294295,0.548313017339611,0,0.0,3996,4
BM3_QQQ_SMA200,5.804238875278717,0.11728538173386838,-0.2852494063711287,0.7989804570368727,0.8553261877278451,0.4111678380892831,85,0.5161874436827978,3996,5
