{
  "BM1_QQQ_BH": {
    "Final": 16.321538821535203,
    "CAGR": 0.19256052563542636,
    "MDD": -0.35118722252796586,
    "Sharpe": 0.956957097769879,
    "Sortino": 1.1981157987294295,
    "Calmar": 0.548313017339611,
    "NumTrades": 0,
    "TotalTaxPaid": 0.0,
    "NumDays": 3996
  },
  "BM2_TQQQ_BH": {
    "Final": 262.1175340578347,
    "CAGR": 0.4207503457471695,
    "MDD": -0.8165984946973706,
    "Sharpe": 0.8840436915411324,
    "Sortino": 0.8833510480008915,
    "Calmar": 0.5152475157367251,
    "NumTrades": 0,
    "TotalTaxPaid": 0.0,
    "NumDays": 3996
  },
  "BM3_QQQ_SMA200": {
    "Final": 5.804238875278717,
    "CAGR": 0.11728538173386838,
    "MDD": -0.2852494063711287,
    "Sharpe": 0.7989804570368727,
    "Sortino": 0.8553261877278451,
    "Calmar": 0.4111678380892831,
    "NumTrades": 85,
    "TotalTaxPaid": 0.5161874436827978,
    "NumDays": 3996
  },
  "BM4_TQQQ_SMA200": {
    "Final": 65.70924109445743,
    "CAGR": 0.30204229387434633,
    "MDD": -0.5657937972706573,
    "Sharpe": 0.8138381113000176,
    "Sortino": 0.7628102443075847,
    "Calmar": 0.5338381144002877,
    "NumTrades": 85,
    "TotalTaxPaid": 6.893719216618745,
    "NumDays": 3996
  },
  "E03_Ensemble_SGOV": {
    "Final": 92.83282976181297,
    "CAGR": 0.33072798277543636,
    "MDD": -0.5441710666757109,
    "Sharpe": 0.8593174474912849,
    "Sortino": 0.8724806691785384,
    "Calmar": 0.6077647325055741,
    "NumTrades": 52,
    "TotalTaxPaid": 9.641984613909731,
    "NumDays": 3996
  }
}