{"diagnostics":{"avg_abs_delta_exposure":0.06808146317546668,"avg_exposure":0.6894484385872341,"frac_exposure_lt_1":1.0,"n_obs":376,"n_switches":361,"std_exposure":0.15403377554729822,"turnover_proxy":25.530548690800003},"schema_version":"9.6.7","warnings":[]}