{"diagnostics":{"avg_abs_delta_exposure":0.0041540136815111095,"avg_exposure":0.9946240447807181,"frac_exposure_lt_1":0.23138297872340424,"n_obs":376,"n_switches":111,"std_exposure":0.012576406411061853,"turnover_proxy":1.5577551305666661},"schema_version":"9.6.7","warnings":[]}