{"baseline":{"avg_abs_delta_exposure":0.06808146317546668,"avg_exposure":0.6894484385872347,"cagr":0.1977942428792394,"cagr_over_vol":2.324012155358658,"max_dd":-0.0760398876738197,"n_obs":376,"n_switches":361,"std_exposure":0.15403377554729808,"total_return":0.3090349769355223,"turnover_proxy":25.530548690800003,"vol":0.08510895367873599},"deltas_vs_baseline":{"delta_avg_abs_delta_exposure":-0.06392744949395557,"delta_avg_exposure":0.30517560619348294,"delta_cagr":0.09608717502537822,"delta_cagr_over_vol":0.08912845622289112,"delta_max_dd":-0.023658623057961042,"delta_n_switches":-250,"delta_std_exposure":-0.14145736913623627,"delta_total_return":0.15973457971789595,"delta_turnover_proxy":-23.972793560233335,"delta_vol":0.0366748398118599},"policy":{"avg_abs_delta_exposure":0.004154013681511113,"avg_exposure":0.9946240447807176,"cagr":0.29388141790461764,"cagr_over_vol":2.4131406115815492,"max_dd":-0.09969851073178074,"n_obs":376,"n_switches":111,"std_exposure":0.012576406411061803,"total_return":0.46876955665341824,"turnover_proxy":1.5577551305666673,"vol":0.12178379349059588},"recommended_policy":{"beta_cap":0.1,"policy_id":2,"threshold":0.4},"schema_version":"9.6.11","warnings":[]}