{"baseline":{"avg_abs_delta_exposure":0.009226129874133326,"avg_exposure":0.7282339286425529,"cagr":0.20810201803847317,"cagr_over_vol":2.3272402543552286,"max_dd":-0.06715718174960521,"n_obs":376,"n_switches":375,"std_exposure":0.046846125159615025,"total_return":0.32587871501441956,"turnover_proxy":3.459798702799997,"vol":0.08942008357281904},"deltas_vs_baseline":{"delta_avg_abs_delta_exposure":-0.009226129874133326,"delta_avg_exposure":0.2717660713574471,"delta_cagr":0.0881871559057017,"delta_cagr_over_vol":0.08603180225867746,"delta_max_dd":-0.03258769840942005,"delta_n_switches":-375,"delta_std_exposure":-0.046846125159615025,"delta_total_return":0.14697081848782312,"delta_turnover_proxy":-3.459798702799997,"delta_vol":0.03335479095164802},"policy":{"avg_abs_delta_exposure":0.0,"avg_exposure":1.0,"cagr":0.29628917394417487,"cagr_over_vol":2.413272056613906,"max_dd":-0.09974488015902526,"n_obs":376,"n_switches":0,"std_exposure":0.0,"total_return":0.4728495335022427,"turnover_proxy":0.0,"vol":0.12277487452446706},"recommended_policy":{"beta_cap":0.1,"policy_id":3,"threshold":0.5},"schema_version":"9.6.11","warnings":[]}