{
  "Final": 74.41783478710451,
  "CAGR": 0.31230168532313396,
  "MDD": -0.5617838708696548,
  "Sharpe": 0.8279303018379467,
  "Sortino": 0.8151373366000978,
  "Calmar": 0.5559107363472069,
  "TradesPerYear": 3.279279279279279,
  "TurnoverPerYear": 25.06521374103246,
  "TotalTaxPaid": 11.201569784584628,
  "NumDays": 3996,
  "experiment": "E01_V1_OFF10_SGOV"
}