{
  "Final": 69.95393998613874,
  "CAGR": 0.3071923778473624,
  "MDD": -0.563324781598275,
  "Sharpe": 0.8196958590370644,
  "Sortino": 0.8020716875532888,
  "Calmar": 0.5453201916233665,
  "TradesPerYear": 3.279279279279279,
  "TurnoverPerYear": 23.682161880162226,
  "TotalTaxPaid": 10.378742844206442,
  "NumDays": 3996,
  "experiment": "E22_Ensemble_5Window"
}