{"diagnostics":{"avg_abs_delta_exposure":0.10810812085839279,"avg_exposure":0.6592050792903743,"frac_exposure_lt_1":1.0,"n_obs":561,"n_switches":560,"std_exposure":0.30853825278421426,"turnover_proxy":60.54054768069996},"schema_version":"9.6.7","warnings":[]}