{"diagnostics":{"avg_abs_delta_exposure":0.03783784230043751,"avg_exposure":0.8807217777516311,"frac_exposure_lt_1":1.0,"n_obs":561,"n_switches":560,"std_exposure":0.10798838847447499,"turnover_proxy":21.189191688245007},"schema_version":"9.6.7","warnings":[]}