{"best_by_cagr":{"beta_cap":0.1,"cagr":0.19967273046568734,"cagr_over_vol":1.5318822502785863,"max_dd":-0.09921767590921056,"policy_id":3,"threshold":0.5,"vol":0.13034469877131555},"best_by_cagr_over_vol":{"beta_cap":0.35,"cagr":0.18678683187051948,"cagr_over_vol":1.5904777325646966,"max_dd":-0.0896845497851823,"policy_id":9,"threshold":0.0,"vol":0.11744070856579657},"best_by_max_dd":{"beta_cap":0.35,"cagr":0.18678683187051948,"cagr_over_vol":1.5904777325646966,"max_dd":-0.0896845497851823,"policy_id":9,"threshold":0.0,"vol":0.11744070856579657},"config":{"beta_caps":[0.1,0.2,0.35],"cash_daily_return":0.0,"eps":1e-12,"p_column":"p_risk_off","seed":42,"spy_ret_column":"spy_ret_1d","thresholds":[0.0,0.4,0.5,0.6]},"schema_version":"9.6.9","warnings":[]}