{"baseline":{"avg_abs_delta_exposure":0.10810812085839279,"avg_exposure":0.6592050792903744,"cagr":0.1585117662497253,"cagr_over_vol":1.6396713983700888,"max_dd":-0.07109779645738332,"n_obs":561,"n_switches":560,"std_exposure":0.3085382527842143,"total_return":0.38756894367650707,"turnover_proxy":60.54054768069996,"vol":0.09667288604734675},"deltas_vs_baseline":{"delta_avg_abs_delta_exposure":-0.07027027855795528,"delta_avg_exposure":0.22151669846125632,"delta_cagr":0.028275065620794182,"delta_cagr_over_vol":-0.049193665805392195,"delta_max_dd":-0.01858675332779898,"delta_n_switches":0,"delta_std_exposure":-0.2005498643097393,"delta_total_return":0.0765212727093505,"delta_turnover_proxy":-39.351355992454955,"delta_vol":0.020767822518449816},"policy":{"avg_abs_delta_exposure":0.03783784230043751,"avg_exposure":0.8807217777516307,"cagr":0.18678683187051948,"cagr_over_vol":1.5904777325646966,"max_dd":-0.0896845497851823,"n_obs":561,"n_switches":560,"std_exposure":0.10798838847447502,"total_return":0.46409021638585757,"turnover_proxy":21.189191688245007,"vol":0.11744070856579657},"recommended_policy":{"beta_cap":0.35,"policy_id":9,"threshold":0.0},"schema_version":"9.6.11","warnings":[]}