{"diagnostics":{"avg_abs_delta_exposure":0.006597592535548173,"avg_exposure":0.6756160122713101,"frac_exposure_lt_1":1.0,"n_obs":603,"n_switches":602,"std_exposure":0.022958959125742046,"turnover_proxy":3.9717507064},"schema_version":"9.6.7","warnings":[]}