{"best_by_cagr":{"beta_cap":0.1,"cagr":0.2163817156555703,"cagr_over_vol":1.3289629414288462,"max_dd":-0.18755277422952726,"policy_id":2,"threshold":0.4,"vol":0.1628199770739473},"best_by_cagr_over_vol":{"beta_cap":0.1,"cagr":0.2163817156555703,"cagr_over_vol":1.3289629414288462,"max_dd":-0.18755277422952726,"policy_id":2,"threshold":0.4,"vol":0.1628199770739473},"best_by_max_dd":{"beta_cap":0.35,"cagr":0.19153202702066774,"cagr_over_vol":1.3184027279378177,"max_dd":-0.16895699906154585,"policy_id":9,"threshold":0.0,"vol":0.14527581213386365},"config":{"beta_caps":[0.1,0.2,0.35],"cash_daily_return":0.0,"eps":1e-12,"p_column":"p_risk_off","seed":42,"spy_ret_column":"spy_ret_1d","thresholds":[0.0,0.4,0.5,0.6]},"schema_version":"9.6.9","warnings":[]}