{"baseline":{"avg_abs_delta_exposure":0.006597592535548173,"avg_exposure":0.67561601227131,"cagr":0.14577592415670848,"cagr_over_vol":1.2925089818132416,"max_dd":-0.13355410325567194,"n_obs":603,"n_switches":602,"std_exposure":0.02295895912574204,"total_return":0.3848958724234537,"turnover_proxy":3.9717507064,"vol":0.11278523105673248},"deltas_vs_baseline":{"delta_avg_abs_delta_exposure":-0.006597592535548173,"delta_avg_exposure":0.32438398772869004,"delta_cagr":0.07060579149886181,"delta_cagr_over_vol":0.0364539596156046,"delta_max_dd":-0.05399867097385533,"delta_n_switches":-602,"delta_std_exposure":-0.02295895912574204,"delta_total_return":0.2130426914660173,"delta_turnover_proxy":-3.9717507064,"delta_vol":0.05003474601721482},"policy":{"avg_abs_delta_exposure":0.0,"avg_exposure":1.0,"cagr":0.2163817156555703,"cagr_over_vol":1.3289629414288462,"max_dd":-0.18755277422952726,"n_obs":603,"n_switches":0,"std_exposure":0.0,"total_return":0.597938563889471,"turnover_proxy":0.0,"vol":0.1628199770739473},"recommended_policy":{"beta_cap":0.1,"policy_id":2,"threshold":0.4},"schema_version":"9.6.11","warnings":[]}