{"diagnostics":{"avg_abs_delta_exposure":0.008981940023571425,"avg_exposure":0.7236407338012478,"frac_exposure_lt_1":1.0,"n_obs":561,"n_switches":560,"std_exposure":0.0426488614620319,"turnover_proxy":5.029886413199998},"schema_version":"9.6.7","warnings":[]}