{"baseline":{"avg_abs_delta_exposure":0.008981940023571425,"avg_exposure":0.7236407338012475,"cagr":0.14268998353224482,"cagr_over_vol":1.494462882634572,"max_dd":-0.06883233566564864,"n_obs":561,"n_switches":560,"std_exposure":0.04264886146203191,"total_return":0.34573546574190206,"turnover_proxy":5.029886413199998,"vol":0.09547910837417269},"deltas_vs_baseline":{"delta_avg_abs_delta_exposure":-0.008981940023571425,"delta_avg_exposure":0.2763592661987525,"delta_cagr":0.05881012679555031,"delta_cagr_over_vol":0.02841357324634175,"delta_max_dd":-0.03152080266933248,"delta_n_switches":-560,"delta_std_exposure":-0.04264886146203191,"delta_total_return":0.15907013074940535,"delta_turnover_proxy":-5.029886413199998,"delta_vol":0.03683635920670643},"policy":{"avg_abs_delta_exposure":0.0,"avg_exposure":1.0,"cagr":0.20150011032779513,"cagr_over_vol":1.5228764558809138,"max_dd":-0.10035313833498112,"n_obs":561,"n_switches":0,"std_exposure":0.0,"total_return":0.5048055964913074,"turnover_proxy":0.0,"vol":0.13231546758087911},"recommended_policy":{"beta_cap":0.1,"policy_id":3,"threshold":0.5},"schema_version":"9.6.11","warnings":[]}