{
  "Final": 81.65612212681569,
  "CAGR": 0.3200058842956981,
  "MDD": -0.5639631798580098,
  "Sharpe": 0.8442554632579193,
  "Sortino": 0.8167041332456031,
  "Calmar": 0.5674233633058574,
  "TradesPerYear": 6.0540540540540535,
  "TurnoverPerYear": 30.029975071159285,
  "TotalTaxPaid": 7.935738864839964,
  "NumDays": 3996,
  "experiment": "E07_MA200Guard_CASH"
}