{
  "Final": 63.6752267317304,
  "CAGR": 0.29946296167937914,
  "MDD": -0.578980840000547,
  "Sharpe": 0.8039681157051874,
  "Sortino": 0.767322095058617,
  "Calmar": 0.5172243034486188,
  "TradesPerYear": 2.5225225225225225,
  "TurnoverPerYear": 22.0034765454297,
  "TotalTaxPaid": 11.070214935026428,
  "NumDays": 3996,
  "experiment": "E05_Hysteresis_0p50"
}