{
  "Final": 91.14071103617167,
  "CAGR": 0.32918510980301363,
  "MDD": -0.544140769543322,
  "Sharpe": 0.8550719719634151,
  "Sortino": 0.8610311641996272,
  "Calmar": 0.6049631423120289,
  "TradesPerYear": 3.0270270270270268,
  "TurnoverPerYear": 25.29920974085252,
  "TotalTaxPaid": 11.170032631840805,
  "NumDays": 3996,
  "experiment": "E21_Ensemble_165_170_175"
}