{
  "Final": 90.46614015305914,
  "CAGR": 0.32856254271641117,
  "MDD": -0.5441709078090953,
  "Sharpe": 0.8556871407777437,
  "Sortino": 0.8670486094720448,
  "Calmar": 0.6037855717778957,
  "TradesPerYear": 3.279279279279279,
  "TurnoverPerYear": 28.834358832683368,
  "TotalTaxPaid": 9.51662776646889,
  "NumDays": 3996,
  "experiment": "E02_V4_Ensemble_160_165_170"
}