{
  "Final": 45.622228583902555,
  "CAGR": 0.2724266368578161,
  "MDD": -0.6546371192554714,
  "Sharpe": 0.7585508283796408,
  "Sortino": 0.699492889841237,
  "Calmar": 0.4161490829723359,
  "TradesPerYear": 2.144144144144144,
  "TurnoverPerYear": 14.17882141601705,
  "TotalTaxPaid": 9.894667489751368,
  "NumDays": 3996,
  "experiment": "E06_Hysteresis_1p00"
}