{
  "E03_Baseline": {
    "Final": 93.01510869669097,
    "CAGR": 0.33089260940315257,
    "MDD": -0.5520317737996261,
    "Sharpe": 0.8593753506497076,
    "Sortino": 0.8711042558068508,
    "Calmar": 0.599408630277971,
    "Trades": 816,
    "TotalTax": 11.561463153179723
  },
  "F1_Best_FW40_FT3_RW70": {
    "Final": 132.3989842142845,
    "CAGR": 0.36085716959294767,
    "MDD": -0.4813653964920134,
    "Sharpe": 0.9161380280600826,
    "Sortino": 0.975198992682353,
    "Calmar": 0.7496533241124549,
    "Trades": 75,
    "TotalTax": 3.023276335201951,
    "FlipWindow": 40,
    "FlipThreshold": 3,
    "ReducedWeight": 0.7
  },
  "F2_Best_LB20_L1_T-5_RW50": {
    "Final": 75.9295823569269,
    "CAGR": 0.31396706059864443,
    "MDD": -0.38584701756489015,
    "Sharpe": 0.9750503087849887,
    "Sortino": 1.12074338696475,
    "Calmar": 0.8137086625163372,
    "Trades": 461,
    "TotalTax": 6.461259776763476,
    "Lookback": 20,
    "Lag": 1,
    "Threshold": -0.05,
    "ReducedWeight": 0.5
  },
  "F3_Best_F3_GRADUATED": {
    "Final": 88.1140255374823,
    "CAGR": 0.32635719673510644,
    "MDD": -0.38394491964952937,
    "Sharpe": 0.9782945971146674,
    "Sortino": 1.1297484578990746,
    "Calmar": 0.8500104573151017,
    "Trades": 460,
    "TotalTax": 3.177320114114483
  }
}