{
  "Final": 92.83282976181297,
  "CAGR": 0.33072798277543636,
  "MDD": -0.5441710666757109,
  "Sharpe": 0.8593174474912849,
  "Sortino": 0.8724806691785384,
  "Calmar": 0.6077647325055741,
  "NumTrades": 52,
  "TotalTaxPaid": 9.641984613909731,
  "NumDays": 3996
}