{
  "delta": {
    "ann_vol": 0.0011433124425994645,
    "cagr": -0.06667844066474249,
    "cagr_over_vol": -0.3625631635371344,
    "cagr_over_vol_pct_change": -67.84593385103281,
    "max_drawdown": -0.03608284480955029,
    "total_cost": -0.012455208586493141,
    "total_turnover": -7.965
  },
  "interpretation": {
    "positive_cagr_over_vol": "baseline outperforms variant"
  }
}