{"best_by_cagr":{"beta_cap":0.1,"cagr":0.28157600312183795,"cagr_over_vol":2.229501287645446,"max_dd":-0.09977448348941073,"policy_id":4,"threshold":0.6,"vol":0.1262955104274497},"best_by_cagr_over_vol":{"beta_cap":0.35,"cagr":0.2775149040385332,"cagr_over_vol":2.2696093504539774,"max_dd":-0.09984849181537643,"policy_id":12,"threshold":0.6,"vol":0.12227430415856519},"best_by_max_dd":{"beta_cap":0.35,"cagr":0.2436565016441945,"cagr_over_vol":2.142711987406675,"max_dd":-0.09719628196223289,"policy_id":9,"threshold":0.0,"vol":0.11371407033527266},"config":{"beta_caps":[0.1,0.2,0.35],"cash_daily_return":0.0,"eps":1e-12,"p_column":"p_risk_off","seed":42,"spy_ret_column":"spy_ret_1d","thresholds":[0.0,0.4,0.5,0.6]},"schema_version":"9.6.9","warnings":[]}