{"diagnostics":{"avg_abs_delta_exposure":0.09935830997266192,"avg_exposure":0.5918291478997607,"frac_exposure_lt_1":1.0,"n_obs":418,"n_switches":417,"std_exposure":0.3288787155195459,"turnover_proxy":41.43241525860002},"schema_version":"9.6.7","warnings":[]}