{"diagnostics":{"avg_abs_delta_exposure":0.025811170571582737,"avg_exposure":0.9396494663694377,"frac_exposure_lt_1":0.3062200956937799,"n_obs":418,"n_switches":152,"std_exposure":0.10906394555732285,"turnover_proxy":10.763258128350001},"schema_version":"9.6.7","warnings":[]}