{"baseline":{"avg_abs_delta_exposure":0.09935830997266192,"avg_exposure":0.5918291478997612,"cagr":0.17206607100528637,"cagr_over_vol":1.8277641996610745,"max_dd":-0.09248742403803088,"n_obs":418,"n_switches":417,"std_exposure":0.328878715519546,"total_return":0.3012864814342595,"turnover_proxy":41.43241525860002,"vol":0.09414019108000522},"deltas_vs_baseline":{"delta_avg_abs_delta_exposure":-0.07354713940107918,"delta_avg_exposure":0.3478203184696772,"delta_cagr":0.10544883303324681,"delta_cagr_over_vol":0.4418451507929029,"delta_max_dd":-0.007361067777345548,"delta_n_switches":-265,"delta_std_exposure":-0.2198147699622232,"delta_total_return":0.19989241829997262,"delta_turnover_proxy":-30.66915713025002,"delta_vol":0.028134113078559966},"policy":{"avg_abs_delta_exposure":0.025811170571582727,"avg_exposure":0.9396494663694384,"cagr":0.2775149040385332,"cagr_over_vol":2.2696093504539774,"max_dd":-0.09984849181537643,"n_obs":418,"n_switches":152,"std_exposure":0.10906394555732278,"total_return":0.5011788997342321,"turnover_proxy":10.763258128349998,"vol":0.12227430415856519},"recommended_policy":{"beta_cap":0.35,"policy_id":12,"threshold":0.6},"schema_version":"9.6.11","warnings":[]}