{
  "delta": {
    "ann_vol": 0.008254634750414047,
    "cagr": 0.029945330418326588,
    "cagr_over_vol": 0.1164796462592711,
    "cagr_over_vol_pct_change": 23.54878470590303,
    "max_drawdown": -0.04112075711974589,
    "total_cost": -0.005316902653119824,
    "total_turnover": -2.715
  },
  "interpretation": {
    "positive_cagr_over_vol": "variant outperforms baseline"
  }
}