{
  "Hybrid_2.0_Core": {
    "Final": 57.48204478888673,
    "CAGR": 0.2888927555008409,
    "MDD": -0.5511514001288622,
    "Sharpe": 0.8451936736395351,
    "Calmar": 0.5241622454978727,
    "Years": 15.964285714285714
  },
  "Hybrid_2.0_Satellite": {
    "Final": 1.6867067850275712,
    "CAGR": 0.03328879378078797,
    "MDD": -0.25330676740748526,
    "Sharpe": 0.7907758103395831,
    "Calmar": 0.1314169144452328,
    "Years": 15.964285714285714
  },
  "Hybrid_2.0_Combined": {
    "Final": 59.16875157391431,
    "CAGR": 0.291229831759662,
    "MDD": -0.46397433140134103,
    "Sharpe": 0.8499036647329228,
    "Calmar": 0.6276852231890953,
    "Years": 15.964285714285714
  },
  "Hybrid_2.0_Rebalanced": {
    "Final": 49.00012369057244,
    "CAGR": 0.27606750237649624,
    "MDD": -0.4466275934757701,
    "Sharpe": 0.887319702693148,
    "Calmar": 0.6181156435679855,
    "Years": 15.964285714285714
  },
  "TQQQ_BuyHold": {
    "Final": 215.15668723652595,
    "CAGR": 0.3999848831055637,
    "MDD": -0.816598461671302,
    "Sharpe": 0.8598998005696735,
    "Calmar": 0.48981831570797885,
    "Years": 15.964285714285714
  },
  "BIL_Cash": {
    "Final": 1.2189490637917142,
    "CAGR": 0.012479223267944706,
    "MDD": -0.004316331575988097,
    "Sharpe": 4.635630810006615,
    "Calmar": 2.8911641861267237,
    "Years": 15.964285714285714
  },
  "E03_Ensemble": {
    "Final": 193.14092771795757,
    "CAGR": 0.3905504753603988,
    "MDD": -0.4857834920462508,
    "Sharpe": 0.9608127858274287,
    "Calmar": 0.8039599569662095,
    "Years": 15.964285714285714
  },
  "E03_OFF_QLD": {
    "Final": 185.09258435715478,
    "CAGR": 0.3868479291825715,
    "MDD": -0.49451940883126166,
    "Sharpe": 0.9560333189970871,
    "Calmar": 0.7822704675977046,
    "Years": 15.964285714285714
  },
  "E03_OFF_Mix": {
    "Final": 184.78270556452512,
    "CAGR": 0.38670237550151954,
    "MDD": -0.4945330919220554,
    "Sharpe": 0.9558239609332848,
    "Calmar": 0.7819544977234176,
    "Years": 15.964285714285714
  },
  "E03_OFF_0pct": {
    "Final": 165.99904167055237,
    "CAGR": 0.37742200333083264,
    "MDD": -0.5125114006223547,
    "Sharpe": 0.9417533585726978,
    "Calmar": 0.7364167955532701,
    "Years": 15.964285714285714
  }
}