{"diagnostics":{"avg_abs_delta_exposure":0.014843373215200009,"avg_exposure":0.7205308661781914,"frac_exposure_lt_1":1.0,"n_obs":376,"n_switches":375,"std_exposure":0.05583124377504651,"turnover_proxy":5.566264955700003},"schema_version":"9.6.7","warnings":[]}