{"baseline":{"avg_abs_delta_exposure":0.014843373215200009,"avg_exposure":0.7205308661781913,"cagr":0.20695546144554666,"cagr_over_vol":2.2829518068782995,"max_dd":-0.07028719877277272,"n_obs":376,"n_switches":375,"std_exposure":0.05583124377504652,"total_return":0.3240016403235111,"turnover_proxy":5.566264955700003,"vol":0.09065257567943882},"deltas_vs_baseline":{"delta_avg_abs_delta_exposure":-0.014843373215200009,"delta_avg_exposure":0.2794691338218087,"delta_cagr":0.0893337124986282,"delta_cagr_over_vol":0.13032024973560663,"delta_max_dd":-0.029457681386252543,"delta_n_switches":-375,"delta_std_exposure":-0.05583124377504652,"delta_total_return":0.1488478931787316,"delta_turnover_proxy":-5.566264955700003,"delta_vol":0.032122298845028235},"policy":{"avg_abs_delta_exposure":0.0,"avg_exposure":1.0,"cagr":0.29628917394417487,"cagr_over_vol":2.413272056613906,"max_dd":-0.09974488015902526,"n_obs":376,"n_switches":0,"std_exposure":0.0,"total_return":0.4728495335022427,"turnover_proxy":0.0,"vol":0.12277487452446706},"recommended_policy":{"beta_cap":0.1,"policy_id":2,"threshold":0.4},"schema_version":"9.6.11","warnings":[]}