{
  "Final": 74.18533827678748,
  "CAGR": 0.3120427539916135,
  "MDD": -0.5588027301884149,
  "Sharpe": 0.829141132283208,
  "Sortino": 0.8138061256560437,
  "Calmar": 0.5584130805631536,
  "TradesPerYear": 3.153153153153153,
  "TurnoverPerYear": 25.987581298955227,
  "TotalTaxPaid": 11.4174436880029,
  "NumDays": 3996,
  "experiment": "E09_BuyConfirm_2days"
}