{"diagnostics":{"avg_abs_delta_exposure":0.10130324530559992,"avg_exposure":0.675490879862234,"frac_exposure_lt_1":1.0,"n_obs":376,"n_switches":375,"std_exposure":0.32816916913841815,"turnover_proxy":37.98871698959997},"schema_version":"9.6.7","warnings":[]}