{"diagnostics":{"avg_abs_delta_exposure":0.0337529308452,"avg_exposure":0.9338266603741135,"frac_exposure_lt_1":0.3803191489361702,"n_obs":376,"n_switches":165,"std_exposure":0.1095774565953139,"turnover_proxy":12.657349066950001},"schema_version":"9.6.7","warnings":[]}