{"baseline":{"avg_abs_delta_exposure":0.10130324530559992,"avg_exposure":0.6754908798622341,"cagr":0.2145472749924484,"cagr_over_vol":2.2643244920854224,"max_dd":-0.07096938701502231,"n_obs":376,"n_switches":375,"std_exposure":0.32816916913841826,"total_return":0.336446814453619,"turnover_proxy":37.98871698959997,"vol":0.09475111705162553},"deltas_vs_baseline":{"delta_avg_abs_delta_exposure":-0.06755031446039993,"delta_avg_exposure":0.25833578051187955,"delta_cagr":0.06866391672886252,"delta_cagr_over_vol":0.1900001141976384,"delta_max_dd":-0.02117767298024123,"delta_n_switches":-210,"delta_std_exposure":-0.21859171254310425,"delta_total_return":0.11428688347968619,"delta_turnover_proxy":-25.331367922649974,"delta_vol":0.020641602801441755},"policy":{"avg_abs_delta_exposure":0.033752930845199994,"avg_exposure":0.9338266603741137,"cagr":0.28321119172131093,"cagr_over_vol":2.454324606283061,"max_dd":-0.09214705999526354,"n_obs":376,"n_switches":165,"std_exposure":0.10957745659531401,"total_return":0.4507336979333052,"turnover_proxy":12.657349066949998,"vol":0.11539271985306729},"recommended_policy":{"beta_cap":0.35,"policy_id":10,"threshold":0.4},"schema_version":"9.6.11","warnings":[]}