{"diagnostics":{"avg_abs_delta_exposure":0.07644099331993356,"avg_exposure":0.5472758348917082,"frac_exposure_lt_1":1.0,"n_obs":603,"n_switches":602,"std_exposure":0.23031277610744863,"turnover_proxy":46.017477978600006},"schema_version":"9.6.7","warnings":[]}