{"diagnostics":{"avg_abs_delta_exposure":0.01698994727267443,"avg_exposure":0.966759190981136,"frac_exposure_lt_1":0.22388059701492538,"n_obs":603,"n_switches":169,"std_exposure":0.08521272724956963,"turnover_proxy":10.227948258150006},"schema_version":"9.6.7","warnings":[]}