{"best_by_cagr":{"beta_cap":0.35,"cagr":0.220087545344954,"cagr_over_vol":1.3811553209212357,"max_dd":-0.18755277422952704,"policy_id":12,"threshold":0.6,"vol":0.1593503221622857},"best_by_cagr_over_vol":{"beta_cap":0.35,"cagr":0.220087545344954,"cagr_over_vol":1.3811553209212357,"max_dd":-0.18755277422952704,"policy_id":12,"threshold":0.6,"vol":0.1593503221622857},"best_by_max_dd":{"beta_cap":0.35,"cagr":0.19065333971357257,"cagr_over_vol":1.324035038857277,"max_dd":-0.16972887755138868,"policy_id":9,"threshold":0.0,"vol":0.14399418000154893},"config":{"beta_caps":[0.1,0.2,0.35],"cash_daily_return":0.0,"eps":1e-12,"p_column":"p_risk_off","seed":42,"spy_ret_column":"spy_ret_1d","thresholds":[0.0,0.4,0.5,0.6]},"schema_version":"9.6.9","warnings":[]}