{"baseline":{"avg_abs_delta_exposure":0.07644099331993356,"avg_exposure":0.547275834891708,"cagr":0.14245269623640233,"cagr_over_vol":1.239030536626416,"max_dd":-0.13591015897271957,"n_obs":603,"n_switches":602,"std_exposure":0.23031277610744857,"total_return":0.3753037098933101,"turnover_proxy":46.017477978600006,"vol":0.1149710939524275},"deltas_vs_baseline":{"delta_avg_abs_delta_exposure":-0.059451046047259135,"delta_avg_exposure":0.4194833560894279,"delta_cagr":0.07763484910855167,"delta_cagr_over_vol":0.14212478429481967,"delta_max_dd":-0.05164261525680747,"delta_n_switches":-433,"delta_std_exposure":-0.14510004885787833,"delta_total_return":0.23430868152811857,"delta_turnover_proxy":-35.78952972045,"delta_vol":0.04437922820985821},"policy":{"avg_abs_delta_exposure":0.01698994727267443,"avg_exposure":0.9667591909811358,"cagr":0.220087545344954,"cagr_over_vol":1.3811553209212357,"max_dd":-0.18755277422952704,"n_obs":603,"n_switches":169,"std_exposure":0.08521272724957024,"total_return":0.6096123914214286,"turnover_proxy":10.227948258150006,"vol":0.1593503221622857},"recommended_policy":{"beta_cap":0.35,"policy_id":12,"threshold":0.6},"schema_version":"9.6.11","warnings":[]}