{"diagnostics":{"avg_abs_delta_exposure":0.009226129874133326,"avg_exposure":0.7282339286425531,"frac_exposure_lt_1":1.0,"n_obs":376,"n_switches":375,"std_exposure":0.04684612515961504,"turnover_proxy":3.459798702799997},"schema_version":"9.6.7","warnings":[]}