{"best_by_cagr":{"beta_cap":0.1,"cagr":0.29552901097909334,"cagr_over_vol":2.4125466582080586,"max_dd":-0.09974488015902518,"policy_id":4,"threshold":0.6,"vol":0.12249670279894204},"best_by_cagr_over_vol":{"beta_cap":0.1,"cagr":0.29388141790461764,"cagr_over_vol":2.4131406115815492,"max_dd":-0.09969851073178074,"policy_id":2,"threshold":0.4,"vol":0.12178379349059588},"best_by_max_dd":{"beta_cap":0.35,"cagr":0.26123570501262794,"cagr_over_vol":2.399955525127469,"max_dd":-0.0914870864266732,"policy_id":9,"threshold":0.0,"vol":0.10885022754692628},"config":{"beta_caps":[0.1,0.2,0.35],"cash_daily_return":0.0,"eps":1e-12,"p_column":"p_risk_off","seed":42,"spy_ret_column":"spy_ret_1d","thresholds":[0.0,0.4,0.5,0.6]},"schema_version":"9.6.9","warnings":[]}