{
  "E03_Baseline": {
    "Final": 93.01356371716768,
    "CAGR": 0.3308912153135637,
    "MDD": -0.5520320224698654,
    "Sharpe": 0.8593728941100254,
    "Sortino": 0.8710995472798608,
    "Calmar": 0.5994058348881863,
    "Trades": 816,
    "TotalTax": 11.561750089055414
  },
  "A_Best_V15_LB10": {
    "Final": 23.707000093349077,
    "CAGR": 0.2209670104618311,
    "MDD": -0.22901686170014468,
    "Sharpe": 1.357219663751831,
    "Sortino": 2.0777094416816375,
    "Calmar": 0.9648503993175255,
    "Trades": 912,
    "TotalTax": 1.604955253786531
  },
  "B_Best_V12_LB10": {
    "Final": 11.221582674614782,
    "CAGR": 0.16471489306579024,
    "MDD": -0.15031587160684512,
    "Sharpe": 1.340299162626223,
    "Sortino": 1.9964838534582336,
    "Calmar": 1.0957917570847482,
    "Trades": 731,
    "TotalTax": 0.561183754281626
  },
  "C_Best_C5_MA20_HighVol_cap10": {
    "Final": 11.478044207412283,
    "CAGR": 0.16637584154186236,
    "MDD": -0.1503158716068449,
    "Sharpe": 1.3615119160936582,
    "Sortino": 2.0328314898429465,
    "Calmar": 1.1068414783039195,
    "Trades": 746,
    "TotalTax": 0.5302194332325925
  },
  "D_Best_D2_18_28": {
    "Final": 25.77186795268001,
    "CAGR": 0.22741431129253087,
    "MDD": -0.4851886952197235,
    "Sharpe": 0.7536166982176523,
    "Sortino": 0.7402544592961207,
    "Calmar": 0.4687131285891638,
    "Trades": 183,
    "TotalTax": 6.8031726974587885
  },
  "E_Best_E3_Top2_6m_MA200": {
    "Final": 14.938611493872429,
    "CAGR": 0.18592056514958966,
    "MDD": -0.7547756393121945,
    "Sharpe": 0.6272585854042545,
    "Sortino": 0.4929567446179536,
    "Calmar": 0.24632560388278266,
    "Trades": 139,
    "TotalTax": 5.8628968957555365
  }
}