{
  "delta": {
    "ann_vol": -0.00486162710472976,
    "cagr": -0.008964779873201545,
    "cagr_over_vol": -0.03545192856739099,
    "cagr_over_vol_pct_change": -6.634069432231213,
    "max_drawdown": -0.004959902465359295,
    "total_cost": -0.0008030139935184515,
    "total_turnover": -0.384999999999998
  },
  "interpretation": {
    "positive_cagr_over_vol": "baseline outperforms variant"
  }
}