{
  "delta": {
    "ann_vol": 0.0021748351597225546,
    "cagr": 0.041470932845665276,
    "cagr_over_vol": 0.1848547317743472,
    "cagr_over_vol_pct_change": 36.822670833959215,
    "max_drawdown": -0.024448215239231796,
    "total_cost": -0.0031702679161519053,
    "total_turnover": -1.8899999999999997
  },
  "interpretation": {
    "positive_cagr_over_vol": "variant outperforms baseline"
  }
}