{
  "delta": {
    "ann_vol": 0.05161369832100243,
    "cagr": 0.056905587546935754,
    "cagr_over_vol": 0.11806583819221417,
    "cagr_over_vol_pct_change": 23.384910691766823,
    "max_drawdown": -0.1078282849530749,
    "total_cost": 0.004206261271562282,
    "total_turnover": -0.8584474885844733
  },
  "interpretation": {
    "positive_cagr_over_vol": "variant outperforms baseline"
  }
}