{
  "delta": {
    "ann_vol": 0.016540571357773537,
    "cagr": 0.03851572862682007,
    "cagr_over_vol": 0.13170536561215163,
    "cagr_over_vol_pct_change": 26.626980756012912,
    "max_drawdown": -0.05701650647850759,
    "total_cost": -0.002469522380175712,
    "total_turnover": -2.0150000000000006
  },
  "interpretation": {
    "positive_cagr_over_vol": "variant outperforms baseline"
  }
}