{
  "E03_Baseline_lag1": {
    "Final": 92.83282976181297,
    "CAGR": 0.33072798277543636,
    "MDD": -0.5441710666757109,
    "Sharpe": 0.8593174474912849,
    "Sortino": 0.8724806691785384,
    "Calmar": 0.6077647325055741,
    "NumTrades": 52,
    "TotalTaxPaid": 9.641984613909731,
    "NumDays": 3996
  },
  "E40_SameDay_lag0": {
    "Final": 472.69643518685496,
    "CAGR": 0.4745766548097239,
    "MDD": -0.5003155020549671,
    "Sharpe": 1.099073951227327,
    "Sortino": 1.3131725472900528,
    "Calmar": 0.948554767662555,
    "NumTrades": 52,
    "TotalTaxPaid": 22.520342377794503,
    "NumDays": 3996
  },
  "delta_CAGR_pct": 14.384867203428753,
  "delta_MDD_pct": 4.38555646207438
}