{"diagnostics":{"avg_abs_delta_exposure":0.002009193657142858,"avg_exposure":0.6643164231024876,"frac_exposure_lt_1":1.0,"n_obs":603,"n_switches":602,"std_exposure":0.00989000517682322,"turnover_proxy":1.2095345816000007},"schema_version":"9.6.7","warnings":[]}