{"baseline":{"avg_abs_delta_exposure":0.002009193657142858,"avg_exposure":0.6643164231024875,"cagr":0.14063069105807213,"cagr_over_vol":1.3114214374485191,"max_dd":-0.12773398545761483,"n_obs":603,"n_switches":602,"std_exposure":0.00989000517682322,"total_return":0.3700611398982723,"turnover_proxy":1.2095345816000007,"vol":0.10723531508809327},"deltas_vs_baseline":{"delta_avg_abs_delta_exposure":-0.002009193657142858,"delta_avg_exposure":0.3356835768975125,"delta_cagr":0.07575102459749816,"delta_cagr_over_vol":0.017541503980327056,"delta_max_dd":-0.059818788771912434,"delta_n_switches":-602,"delta_std_exposure":-0.00989000517682322,"delta_total_return":0.2278774239911987,"delta_turnover_proxy":-1.2095345816000007,"delta_vol":0.05558466198585403},"policy":{"avg_abs_delta_exposure":0.0,"avg_exposure":1.0,"cagr":0.2163817156555703,"cagr_over_vol":1.3289629414288462,"max_dd":-0.18755277422952726,"n_obs":603,"n_switches":0,"std_exposure":0.0,"total_return":0.597938563889471,"turnover_proxy":0.0,"vol":0.1628199770739473},"recommended_policy":{"beta_cap":0.1,"policy_id":2,"threshold":0.4},"schema_version":"9.6.11","warnings":[]}