{
  "Final": 93.46794060461318,
  "CAGR": 0.33130028347406193,
  "MDD": -0.5405721380341445,
  "Sharpe": 0.8602648080456553,
  "Sortino": 0.8737153131042881,
  "Calmar": 0.6128696989061908,
  "TradesPerYear": 3.279279279279279,
  "TurnoverPerYear": 29.39966083805956,
  "TotalTaxPaid": 9.664538592551791,
  "NumDays": 3996,
  "experiment": "E23_Ensemble_SHV"
}