{"diagnostics":{"avg_abs_delta_exposure":0.03512609095951293,"avg_exposure":0.9359379580659644,"frac_exposure_lt_1":0.38724373576309795,"n_obs":439,"n_switches":197,"std_exposure":0.10647208565305476,"turnover_proxy":15.385227840266664},"schema_version":"9.6.7","warnings":[]}