{"diagnostics":{"avg_abs_delta_exposure":0.10588599660045654,"avg_exposure":0.6655403151273348,"frac_exposure_lt_1":1.0,"n_obs":439,"n_switches":438,"std_exposure":0.3156616455584148,"turnover_proxy":46.378066510999965},"schema_version":"9.6.7","warnings":[]}