{"best_by_cagr":{"beta_cap":0.1,"cagr":0.2762845617674643,"cagr_over_vol":2.1791879120796676,"max_dd":-0.09879934624454285,"policy_id":4,"threshold":0.6,"vol":0.12678326648012528},"best_by_cagr_over_vol":{"beta_cap":0.35,"cagr":0.2722638712162435,"cagr_over_vol":2.255863985636376,"max_dd":-0.09214705999526354,"policy_id":10,"threshold":0.4,"vol":0.12069161658229953},"best_by_max_dd":{"beta_cap":0.35,"cagr":0.25517557079793685,"cagr_over_vol":2.228288534880893,"max_dd":-0.08471631091631353,"policy_id":9,"threshold":0.0,"vol":0.11451639534265995},"config":{"beta_caps":[0.1,0.2,0.35],"cash_daily_return":0.0,"eps":1e-12,"p_column":"p_risk_off","seed":42,"spy_ret_column":"spy_ret_1d","thresholds":[0.0,0.4,0.5,0.6]},"schema_version":"9.6.9","warnings":[]}