{"baseline":{"avg_abs_delta_exposure":0.10588599660045654,"avg_exposure":0.665540315127335,"cagr":0.2149939442582396,"cagr_over_vol":2.2455631566407477,"max_dd":-0.07096938701502231,"n_obs":439,"n_switches":438,"std_exposure":0.31566164555841475,"total_return":0.4038912758462849,"turnover_proxy":46.378066510999965,"vol":0.09574166000294553},"deltas_vs_baseline":{"delta_avg_abs_delta_exposure":-0.07075990564094362,"delta_avg_exposure":0.27039764293862933,"delta_cagr":0.057269926958003925,"delta_cagr_over_vol":0.01030082899562812,"delta_max_dd":-0.02117767298024123,"delta_n_switches":-241,"delta_std_exposure":-0.2091895599053602,"delta_total_return":0.11728699380497876,"delta_turnover_proxy":-30.992838670733306,"delta_vol":0.024949956579354005},"policy":{"avg_abs_delta_exposure":0.035126090959512926,"avg_exposure":0.9359379580659644,"cagr":0.2722638712162435,"cagr_over_vol":2.255863985636376,"max_dd":-0.09214705999526354,"n_obs":439,"n_switches":197,"std_exposure":0.10647208565305455,"total_return":0.5211782696512637,"turnover_proxy":15.38522784026666,"vol":0.12069161658229953},"recommended_policy":{"beta_cap":0.35,"policy_id":10,"threshold":0.4},"schema_version":"9.6.11","warnings":[]}