{
  "E40": {
    "E03_Baseline": {
      "Final": 92.83282976181297,
      "CAGR": 0.33072798277543636,
      "MDD": -0.5441710666757109,
      "Sharpe": 0.8593174474912849,
      "Sortino": 0.8724806691785384,
      "Calmar": 0.6077647325055741,
      "NumTrades": 52,
      "TotalTaxPaid": 9.641984613909731,
      "NumDays": 3996
    },
    "E40_SameDay": {
      "Final": 472.69643518685496,
      "CAGR": 0.4745766548097239,
      "MDD": -0.5003155020549671,
      "Sharpe": 1.099073951227327,
      "Sortino": 1.3131725472900528,
      "Calmar": 0.948554767662555,
      "NumTrades": 52,
      "TotalTaxPaid": 22.520342377794503,
      "NumDays": 3996
    }
  },
  "E41": {
    "IS_best_windows": [
      150,
      155,
      175
    ],
    "E03_default_windows": [
      160,
      165,
      170
    ],
    "IS_E03_default": {
      "Final": 6.358155384329454,
      "CAGR": 0.26454199324611705,
      "MDD": -0.4939989056688743,
      "Sharpe": 0.8133132605129787,
      "Sortino": 0.8510045705735,
      "Calmar": 0.5355112940744824,
      "NumTrades": 0,
      "TotalTaxPaid": 0.0,
      "NumDays": 1986
    },
    "OOS_E03_default": {
      "Final": 13.88917069506722,
      "CAGR": 0.390787924197014,
      "MDD": -0.5441710666757109,
      "Sharpe": 0.8990485689938638,
      "Sortino": 0.9081093617682563,
      "Calmar": 0.7181343296774305,
      "NumTrades": 0,
      "TotalTaxPaid": 0.0,
      "NumDays": 2010
    },
    "IS_best_combo": {
      "Final": 6.533617425461752,
      "CAGR": 0.2689175385903573,
      "MDD": -0.4892331496581479,
      "Sharpe": 0.8195867291061778,
      "Sortino": 0.8648984185832772,
      "Calmar": 0.5496715395885656,
      "NumTrades": 0,
      "TotalTaxPaid": 0.0,
      "NumDays": 1986
    },
    "OOS_best_combo": {
      "Final": 15.656418770955174,
      "CAGR": 0.41182976726685605,
      "MDD": -0.49804600324770765,
      "Sharpe": 0.9321575543214409,
      "Sortino": 0.9694887744157116,
      "Calmar": 0.8268910192660031,
      "NumTrades": 0,
      "TotalTaxPaid": 0.0,
      "NumDays": 2010
    },
    "degradation_ratio_default": 1.4772245396723986,
    "degradation_ratio_best": 1.5314351359365865
  },
  "E42": {
    "BM1_QQQ_BH": {
      "Final": 16.321538821535203,
      "CAGR": 0.19256052563542636,
      "MDD": -0.35118722252796586,
      "Sharpe": 0.956957097769879,
      "Sortino": 1.1981157987294295,
      "Calmar": 0.548313017339611,
      "NumTrades": 0,
      "TotalTaxPaid": 0.0,
      "NumDays": 3996
    },
    "BM2_TQQQ_BH": {
      "Final": 262.1175340578347,
      "CAGR": 0.4207503457471695,
      "MDD": -0.8165984946973706,
      "Sharpe": 0.8840436915411324,
      "Sortino": 0.8833510480008915,
      "Calmar": 0.5152475157367251,
      "NumTrades": 0,
      "TotalTaxPaid": 0.0,
      "NumDays": 3996
    },
    "BM3_QQQ_SMA200": {
      "Final": 5.804238875278717,
      "CAGR": 0.11728538173386838,
      "MDD": -0.2852494063711287,
      "Sharpe": 0.7989804570368727,
      "Sortino": 0.8553261877278451,
      "Calmar": 0.4111678380892831,
      "NumTrades": 85,
      "TotalTaxPaid": 0.5161874436827978,
      "NumDays": 3996
    },
    "BM4_TQQQ_SMA200": {
      "Final": 65.70924109445743,
      "CAGR": 0.30204229387434633,
      "MDD": -0.5657937972706573,
      "Sharpe": 0.8138381113000176,
      "Sortino": 0.7628102443075847,
      "Calmar": 0.5338381144002877,
      "NumTrades": 85,
      "TotalTaxPaid": 6.893719216618745,
      "NumDays": 3996
    },
    "E03_Ensemble_SGOV": {
      "Final": 92.83282976181297,
      "CAGR": 0.33072798277543636,
      "MDD": -0.5441710666757109,
      "Sharpe": 0.8593174474912849,
      "Sortino": 0.8724806691785384,
      "Calmar": 0.6077647325055741,
      "NumTrades": 52,
      "TotalTaxPaid": 9.641984613909731,
      "NumDays": 3996
    }
  },
  "E43_44_45": {
    "E03_NoEmergency": {
      "Final": 92.83282976181297,
      "CAGR": 0.33072798277543636,
      "MDD": -0.5441710666757109,
      "Sharpe": 0.8593174474912849,
      "Sortino": 0.8724806691785384,
      "Calmar": 0.6077647325055741,
      "NumTrades": 52,
      "TotalTaxPaid": 9.641984613909731,
      "NumDays": 3996
    },
    "E43_Emg_5pct": {
      "Final": 280.7113570697664,
      "CAGR": 0.4269040602767913,
      "MDD": -0.4905788198318932,
      "Sharpe": 1.0298395530127484,
      "Sortino": 1.2040077252367352,
      "Calmar": 0.8702048335944846,
      "NumTrades": 56,
      "TotalTaxPaid": 0.34748701769372936,
      "NumDays": 3996
    },
    "E44_Emg_7pct": {
      "Final": 92.83282976181297,
      "CAGR": 0.33072798277543636,
      "MDD": -0.5441710666757109,
      "Sharpe": 0.8593174474912849,
      "Sortino": 0.8724806691785384,
      "Calmar": 0.6077647325055741,
      "NumTrades": 52,
      "TotalTaxPaid": 9.641984613909731,
      "NumDays": 3996
    },
    "E45_Emg_10pct": {
      "Final": 92.83282976181297,
      "CAGR": 0.33072798277543636,
      "MDD": -0.5441710666757109,
      "Sharpe": 0.8593174474912849,
      "Sortino": 0.8724806691785384,
      "Calmar": 0.6077647325055741,
      "NumTrades": 52,
      "TotalTaxPaid": 9.641984613909731,
      "NumDays": 3996
    }
  },
  "E46": {
    "full_period": {
      "qqq_total_return": 15.321538821535203,
      "tqqq_total_return": 261.1175340578347,
      "theo_3x_daily": 553.4793674431015,
      "total_drag": -292.36183338526683,
      "drag_annualized": -18.437232736007818
    },
    "on_periods": {
      "count": 25,
      "avg_days": 128.0,
      "avg_drag": -0.04410534134738297,
      "median_drag": -0.0020227161877027777,
      "total_drag": -1.1026335336845743,
      "avg_qqq_vol": 0.1756655158974556
    },
    "off_periods": {
      "count": 24,
      "avg_days": 33.041666666666664,
      "avg_drag": -0.00728954972001319,
      "median_drag": -0.0021069153374815297,
      "total_drag": -0.17494919328031655,
      "avg_qqq_vol": 0.26692419989849187
    },
    "sideways": {
      "days": 1647,
      "pct_of_total": 0.41216216216216217,
      "drag_per_day": -0.0001738660045781449,
      "drag_annualized": -0.04381423315369251
    }
  }
}