{"best_by_cagr":{"beta_cap":0.1,"cagr":0.2937810736050799,"cagr_over_vol":2.424426650598139,"max_dd":-0.09879934624454285,"policy_id":4,"threshold":0.6,"vol":0.12117548432847003},"best_by_cagr_over_vol":{"beta_cap":0.35,"cagr":0.28321119172131093,"cagr_over_vol":2.454324606283061,"max_dd":-0.09214705999526354,"policy_id":10,"threshold":0.4,"vol":0.11539271985306729},"best_by_max_dd":{"beta_cap":0.35,"cagr":0.2675337565695646,"cagr_over_vol":2.420743043944964,"max_dd":-0.08471631091631353,"policy_id":9,"threshold":0.0,"vol":0.1105172055492425},"config":{"beta_caps":[0.1,0.2,0.35],"cash_daily_return":0.0,"eps":1e-12,"p_column":"p_risk_off","seed":42,"spy_ret_column":"spy_ret_1d","thresholds":[0.0,0.4,0.5,0.6]},"schema_version":"9.6.9","warnings":[]}