{"best_by_cagr":{"beta_cap":0.1,"cagr":0.20150011032779513,"cagr_over_vol":1.5228764558809138,"max_dd":-0.10035313833498112,"policy_id":2,"threshold":0.4,"vol":0.13231546758087911},"best_by_cagr_over_vol":{"beta_cap":0.1,"cagr":0.20150011032779513,"cagr_over_vol":1.5228764558809138,"max_dd":-0.10035313833498112,"policy_id":2,"threshold":0.4,"vol":0.13231546758087911},"best_by_max_dd":{"beta_cap":0.35,"cagr":0.18091711778273423,"cagr_over_vol":1.5093184090990408,"max_dd":-0.09122474967858493,"policy_id":9,"threshold":0.0,"vol":0.11986676680815765},"config":{"beta_caps":[0.1,0.2,0.35],"cash_daily_return":0.0,"eps":1e-12,"p_column":"p_risk_off","seed":42,"spy_ret_column":"spy_ret_1d","thresholds":[0.0,0.4,0.5,0.6]},"schema_version":"9.6.9","warnings":[]}