{"diagnostics":{"avg_abs_delta_exposure":0.004768468787562498,"avg_exposure":0.9004402054096079,"frac_exposure_lt_1":1.0,"n_obs":561,"n_switches":560,"std_exposure":0.017938496023855267,"turnover_proxy":2.670342521034999},"schema_version":"9.6.7","warnings":[]}