{"diagnostics":{"avg_abs_delta_exposure":0.013624196535892854,"avg_exposure":0.715543444027451,"frac_exposure_lt_1":1.0,"n_obs":561,"n_switches":560,"std_exposure":0.05125284578244363,"turnover_proxy":7.629550060099998},"schema_version":"9.6.7","warnings":[]}