{"baseline":{"avg_abs_delta_exposure":0.013624196535892854,"avg_exposure":0.7155434440274514,"cagr":0.1431297138884382,"cagr_over_vol":1.476955098413864,"max_dd":-0.07408274597062617,"n_obs":561,"n_switches":560,"std_exposure":0.051252845782443636,"total_return":0.34688860697145474,"turnover_proxy":7.629550060099998,"vol":0.09690864268124907},"deltas_vs_baseline":{"delta_avg_abs_delta_exposure":-0.008855727748330357,"delta_avg_exposure":0.18489676138215538,"delta_cagr":0.03778740389429602,"delta_cagr_over_vol":0.03236331068517684,"delta_max_dd":-0.017142003707958764,"delta_n_switches":0,"delta_std_exposure":-0.03331434975858837,"delta_total_return":0.10113012584331593,"delta_turnover_proxy":-4.959207539064999,"delta_vol":0.022958124126908577},"policy":{"avg_abs_delta_exposure":0.004768468787562498,"avg_exposure":0.9004402054096068,"cagr":0.18091711778273423,"cagr_over_vol":1.5093184090990408,"max_dd":-0.09122474967858493,"n_obs":561,"n_switches":560,"std_exposure":0.017938496023855263,"total_return":0.44801873281477067,"turnover_proxy":2.670342521034999,"vol":0.11986676680815765},"recommended_policy":{"beta_cap":0.35,"policy_id":9,"threshold":0.0},"schema_version":"9.6.11","warnings":[]}