{"diagnostics":{"avg_abs_delta_exposure":0.010227705205946845,"avg_exposure":0.9573767328027528,"frac_exposure_lt_1":1.0,"n_obs":603,"n_switches":602,"std_exposure":0.03262360464592163,"turnover_proxy":6.15707853398},"schema_version":"9.6.7","warnings":[]}