{"diagnostics":{"avg_abs_delta_exposure":0.10227705205946845,"avg_exposure":0.573767328027529,"frac_exposure_lt_1":1.0,"n_obs":603,"n_switches":602,"std_exposure":0.3262360464592163,"turnover_proxy":61.57078533980001},"schema_version":"9.6.7","warnings":[]}