{"best_by_cagr":{"beta_cap":0.1,"cagr":0.21242753888744748,"cagr_over_vol":1.3172301525387038,"max_dd":-0.18755277422952676,"policy_id":4,"threshold":0.6,"vol":0.1612683542644654},"best_by_cagr_over_vol":{"beta_cap":0.1,"cagr":0.20866182460913496,"cagr_over_vol":1.317734603811747,"max_dd":-0.18190359492095468,"policy_id":1,"threshold":0.0,"vol":0.15834889969918753},"best_by_max_dd":{"beta_cap":0.35,"cagr":0.18933731490746353,"cagr_over_vol":1.2800089704033744,"max_dd":-0.16765691623796203,"policy_id":9,"threshold":0.0,"vol":0.1479187406380417},"config":{"beta_caps":[0.1,0.2,0.35],"cash_daily_return":0.0,"eps":1e-12,"p_column":"p_risk_off","seed":42,"spy_ret_column":"spy_ret_1d","thresholds":[0.0,0.4,0.5,0.6]},"schema_version":"9.6.9","warnings":[]}