{"baseline":{"avg_abs_delta_exposure":0.10227705205946845,"avg_exposure":0.5737673280275293,"cagr":0.13900185564828882,"cagr_over_vol":1.0914716643186564,"max_dd":-0.1297801445768256,"n_obs":603,"n_switches":602,"std_exposure":0.3262360464592162,"total_return":0.365384253458942,"turnover_proxy":61.57078533980001,"vol":0.1273526928755038},"deltas_vs_baseline":{"delta_avg_abs_delta_exposure":-0.0920493468535216,"delta_avg_exposure":0.383609404775224,"delta_cagr":0.06965996896084614,"delta_cagr_over_vol":0.22626293949309062,"delta_max_dd":-0.052123450344129074,"delta_n_switches":0,"delta_std_exposure":-0.2936124418132946,"delta_total_return":0.20839436638646602,"delta_turnover_proxy":-55.413706805820006,"delta_vol":0.03099620682368373},"policy":{"avg_abs_delta_exposure":0.01022770520594685,"avg_exposure":0.9573767328027533,"cagr":0.20866182460913496,"cagr_over_vol":1.317734603811747,"max_dd":-0.18190359492095468,"n_obs":603,"n_switches":602,"std_exposure":0.032623604645921636,"total_return":0.573778619845408,"turnover_proxy":6.157078533980004,"vol":0.15834889969918753},"recommended_policy":{"beta_cap":0.1,"policy_id":1,"threshold":0.0},"schema_version":"9.6.11","warnings":[]}