{"diagnostics":{"avg_abs_delta_exposure":0.00910416923607305,"avg_exposure":0.7278783412305239,"frac_exposure_lt_1":1.0,"n_obs":439,"n_switches":438,"std_exposure":0.04409637252526336,"turnover_proxy":3.9876261253999963},"schema_version":"9.6.7","warnings":[]}