{"best_by_cagr":{"beta_cap":0.1,"cagr":0.2765598534587126,"cagr_over_vol":2.1538245924312203,"max_dd":-0.09974488015902526,"policy_id":3,"threshold":0.5,"vol":0.12840407451496968},"best_by_cagr_over_vol":{"beta_cap":0.1,"cagr":0.2765598534587126,"cagr_over_vol":2.1538245924312203,"max_dd":-0.09974488015902526,"policy_id":3,"threshold":0.5,"vol":0.12840407451496968},"best_by_max_dd":{"beta_cap":0.35,"cagr":0.2465389982300059,"cagr_over_vol":2.1220170420155764,"max_dd":-0.08843049048173741,"policy_id":9,"threshold":0.0,"vol":0.11618144121775446},"config":{"beta_caps":[0.1,0.2,0.35],"cash_daily_return":0.0,"eps":1e-12,"p_column":"p_risk_off","seed":42,"spy_ret_column":"spy_ret_1d","thresholds":[0.0,0.4,0.5,0.6]},"schema_version":"9.6.9","warnings":[]}