{"baseline":{"avg_abs_delta_exposure":0.00910416923607305,"avg_exposure":0.7278783412305236,"cagr":0.1921514015674768,"cagr_over_vol":2.0523802058993272,"max_dd":-0.06715718174960521,"n_obs":439,"n_switches":438,"std_exposure":0.04409637252526337,"total_return":0.3582326594522609,"turnover_proxy":3.9876261253999963,"vol":0.09362368678822765},"deltas_vs_baseline":{"delta_avg_abs_delta_exposure":-0.00910416923607305,"delta_avg_exposure":0.27212165876947636,"delta_cagr":0.0844084518912358,"delta_cagr_over_vol":0.10144438653189303,"delta_max_dd":-0.03258769840942005,"delta_n_switches":-438,"delta_std_exposure":-0.04409637252526337,"delta_total_return":0.17190488751466204,"delta_turnover_proxy":-3.9876261253999963,"delta_vol":0.03478038772674204},"policy":{"avg_abs_delta_exposure":0.0,"avg_exposure":1.0,"cagr":0.2765598534587126,"cagr_over_vol":2.1538245924312203,"max_dd":-0.09974488015902526,"n_obs":439,"n_switches":0,"std_exposure":0.0,"total_return":0.530137546966923,"turnover_proxy":0.0,"vol":0.12840407451496968},"recommended_policy":{"beta_cap":0.1,"policy_id":3,"threshold":0.5},"schema_version":"9.6.11","warnings":[]}