{
  "delta": {
    "ann_vol": 0.01554824457203266,
    "cagr": 0.040888637954731966,
    "cagr_over_vol": 0.14476289685796417,
    "cagr_over_vol_pct_change": 29.26683245519995,
    "max_drawdown": -0.05967698291284884,
    "total_cost": -0.002219034468102371,
    "total_turnover": -2.08
  },
  "interpretation": {
    "positive_cagr_over_vol": "variant outperforms baseline"
  }
}