{
  "delta": {
    "ann_vol": 0.00021143747070093144,
    "cagr": -0.0010836295902671989,
    "cagr_over_vol": -0.006480063985089268,
    "cagr_over_vol_pct_change": -1.2126052415079316,
    "max_drawdown": -0.0029146192034196494,
    "total_cost": -9.310546062391185e-05,
    "total_turnover": -0.040000000000000924
  },
  "interpretation": {
    "positive_cagr_over_vol": "baseline outperforms variant"
  }
}