{"best_by_cagr":{"beta_cap":0.1,"cagr":0.29628917394417487,"cagr_over_vol":2.413272056613906,"max_dd":-0.09974488015902526,"policy_id":2,"threshold":0.4,"vol":0.12277487452446706},"best_by_cagr_over_vol":{"beta_cap":0.1,"cagr":0.29628917394417487,"cagr_over_vol":2.413272056613906,"max_dd":-0.09974488015902526,"policy_id":2,"threshold":0.4,"vol":0.12277487452446706},"best_by_max_dd":{"beta_cap":0.35,"cagr":0.2644538467893076,"cagr_over_vol":2.372431080598085,"max_dd":-0.08951621769069261,"policy_id":9,"threshold":0.0,"vol":0.11146955920112096},"config":{"beta_caps":[0.1,0.2,0.35],"cash_daily_return":0.0,"eps":1e-12,"p_column":"p_risk_off","seed":42,"spy_ret_column":"spy_ret_1d","thresholds":[0.0,0.4,0.5,0.6]},"schema_version":"9.6.9","warnings":[]}