{
  "Final": 77.27204294289844,
  "CAGR": 0.31542010485816885,
  "MDD": -0.5389817051316345,
  "Sharpe": 0.8333066916416489,
  "Sortino": 0.8264671565547276,
  "Calmar": 0.5852148632412939,
  "TradesPerYear": 3.0270270270270268,
  "TurnoverPerYear": 25.487576870317262,
  "TotalTaxPaid": 11.437972833784372,
  "NumDays": 3996,
  "experiment": "E04_Hysteresis_0p25"
}