{"best_by_cagr":{"beta_cap":0.1,"cagr":0.20150011032779513,"cagr_over_vol":1.5228764558809138,"max_dd":-0.10035313833498112,"policy_id":3,"threshold":0.5,"vol":0.13231546758087911},"best_by_cagr_over_vol":{"beta_cap":0.1,"cagr":0.20150011032779513,"cagr_over_vol":1.5228764558809138,"max_dd":-0.10035313833498112,"policy_id":3,"threshold":0.5,"vol":0.13231546758087911},"best_by_max_dd":{"beta_cap":0.35,"cagr":0.18077105715121622,"cagr_over_vol":1.5143455179575969,"max_dd":-0.08941241811838004,"policy_id":9,"threshold":0.0,"vol":0.11937239884001029},"config":{"beta_caps":[0.1,0.2,0.35],"cash_daily_return":0.0,"eps":1e-12,"p_column":"p_risk_off","seed":42,"spy_ret_column":"spy_ret_1d","thresholds":[0.0,0.4,0.5,0.6]},"schema_version":"9.6.9","warnings":[]}