{"diagnostics":{"avg_abs_delta_exposure":0.10698327647128507,"avg_exposure":0.648614570644489,"frac_exposure_lt_1":1.0,"n_obs":499,"n_switches":498,"std_exposure":0.3172214635829588,"turnover_proxy":53.27767168269997},"schema_version":"9.6.7","warnings":[]}