{"diagnostics":{"avg_abs_delta_exposure":0.03744414676494981,"avg_exposure":0.8770150997255711,"frac_exposure_lt_1":1.0,"n_obs":499,"n_switches":498,"std_exposure":0.11102751225403557,"turnover_proxy":18.647185088945005},"schema_version":"9.6.7","warnings":[]}