{"best_by_cagr":{"beta_cap":0.1,"cagr":0.27476158430477593,"cagr_over_vol":2.1803912622686963,"max_dd":-0.09879934624454285,"policy_id":4,"threshold":0.6,"vol":0.12601480709424903},"best_by_cagr_over_vol":{"beta_cap":0.35,"cagr":0.24965145585196402,"cagr_over_vol":2.2048883775254415,"max_dd":-0.08471631091631353,"policy_id":9,"threshold":0.0,"vol":0.11322634669250206},"best_by_max_dd":{"beta_cap":0.35,"cagr":0.24965145585196402,"cagr_over_vol":2.2048883775254415,"max_dd":-0.08471631091631353,"policy_id":9,"threshold":0.0,"vol":0.11322634669250206},"config":{"beta_caps":[0.1,0.2,0.35],"cash_daily_return":0.0,"eps":1e-12,"p_column":"p_risk_off","seed":42,"spy_ret_column":"spy_ret_1d","thresholds":[0.0,0.4,0.5,0.6]},"schema_version":"9.6.9","warnings":[]}