{"baseline":{"avg_abs_delta_exposure":0.10698327647128507,"avg_exposure":0.648614570644489,"cagr":0.19841476447382012,"cagr_over_vol":2.1234658315186827,"max_dd":-0.07096938701502231,"n_obs":499,"n_switches":498,"std_exposure":0.31722146358295883,"total_return":0.43104943356428915,"turnover_proxy":53.27767168269997,"vol":0.09343911332536758},"deltas_vs_baseline":{"delta_avg_abs_delta_exposure":-0.06953912970633526,"delta_avg_exposure":0.22840052908108188,"delta_cagr":0.051236691378143906,"delta_cagr_over_vol":0.0814225460067588,"delta_max_dd":-0.013746923901291216,"delta_n_switches":0,"delta_std_exposure":-0.2061939513289233,"delta_total_return":0.12368917797938628,"delta_turnover_proxy":-34.630486593754966,"delta_vol":0.019787233367134477},"policy":{"avg_abs_delta_exposure":0.03744414676494981,"avg_exposure":0.8770150997255709,"cagr":0.24965145585196402,"cagr_over_vol":2.2048883775254415,"max_dd":-0.08471631091631353,"n_obs":499,"n_switches":498,"std_exposure":0.11102751225403554,"total_return":0.5547386115436754,"turnover_proxy":18.647185088945005,"vol":0.11322634669250206},"recommended_policy":{"beta_cap":0.35,"policy_id":9,"threshold":0.0},"schema_version":"9.6.11","warnings":[]}