{"diagnostics":{"avg_abs_delta_exposure":0.008704268485250001,"avg_exposure":0.9902166171194474,"frac_exposure_lt_1":0.16755793226381463,"n_obs":561,"n_switches":119,"std_exposure":0.03048420393233408,"turnover_proxy":4.874390351740001},"schema_version":"9.6.7","warnings":[]}