{"diagnostics":{"avg_abs_delta_exposure":0.06436407757464287,"avg_exposure":0.677515852156328,"frac_exposure_lt_1":1.0,"n_obs":561,"n_switches":540,"std_exposure":0.15471506234516738,"turnover_proxy":36.043883441800006},"schema_version":"9.6.7","warnings":[]}