{"best_by_cagr":{"beta_cap":0.1,"cagr":0.20124828126280914,"cagr_over_vol":1.5233555726343437,"max_dd":-0.10035313833498095,"policy_id":4,"threshold":0.6,"vol":0.13210854043405626},"best_by_cagr_over_vol":{"beta_cap":0.35,"cagr":0.19915421022504343,"cagr_over_vol":1.5246954586132944,"max_dd":-0.10035313833498091,"policy_id":11,"threshold":0.5,"vol":0.13061900925852665},"best_by_max_dd":{"beta_cap":0.35,"cagr":0.17756951162486168,"cagr_over_vol":1.5142709685360902,"max_dd":-0.0914870864266732,"policy_id":9,"threshold":0.0,"vol":0.11726402692414134},"config":{"beta_caps":[0.1,0.2,0.35],"cash_daily_return":0.0,"eps":1e-12,"p_column":"p_risk_off","seed":42,"spy_ret_column":"spy_ret_1d","thresholds":[0.0,0.4,0.5,0.6]},"schema_version":"9.6.9","warnings":[]}