{"baseline":{"avg_abs_delta_exposure":0.06436407757464287,"avg_exposure":0.677515852156328,"cagr":0.13349438721325724,"cagr_over_vol":1.462341161846678,"max_dd":-0.0760398876738197,"n_obs":561,"n_switches":540,"std_exposure":0.15471506234516738,"total_return":0.3217456567901109,"turnover_proxy":36.043883441800006,"vol":0.09128812803482703},"deltas_vs_baseline":{"delta_avg_abs_delta_exposure":-0.05565980908939286,"delta_avg_exposure":0.3127007649631194,"delta_cagr":0.06565982301178619,"delta_cagr_over_vol":0.06235429676661641,"delta_max_dd":-0.024313250661161218,"delta_n_switches":-421,"delta_std_exposure":-0.12423085841283332,"delta_total_return":0.17652700512669073,"delta_turnover_proxy":-31.16949309006,"delta_vol":0.039330881223699626},"policy":{"avg_abs_delta_exposure":0.008704268485250004,"avg_exposure":0.9902166171194474,"cagr":0.19915421022504343,"cagr_over_vol":1.5246954586132944,"max_dd":-0.10035313833498091,"n_obs":561,"n_switches":119,"std_exposure":0.03048420393233406,"total_return":0.49827266191680164,"turnover_proxy":4.8743903517400025,"vol":0.13061900925852665},"recommended_policy":{"beta_cap":0.35,"policy_id":11,"threshold":0.5},"schema_version":"9.6.11","warnings":[]}