{
  "delta": {
    "ann_vol": 0.016611626697333542,
    "cagr": 0.03909847210757844,
    "cagr_over_vol": 0.13404157309219566,
    "cagr_over_vol_pct_change": 27.099293720060043,
    "max_drawdown": -0.05871403685643101,
    "total_cost": -0.0024133633700527297,
    "total_turnover": -2.0
  },
  "interpretation": {
    "positive_cagr_over_vol": "variant outperforms baseline"
  }
}