{"diagnostics":{"avg_abs_delta_exposure":0.008958564016867463,"avg_exposure":0.7278280462134269,"frac_exposure_lt_1":1.0,"n_obs":499,"n_switches":498,"std_exposure":0.04220578109901102,"turnover_proxy":4.461364880399996},"schema_version":"9.6.7","warnings":[]}