{"best_by_cagr":{"beta_cap":0.1,"cagr":0.2773154701999496,"cagr_over_vol":2.1714139413944156,"max_dd":-0.09974488015902526,"policy_id":3,"threshold":0.5,"vol":0.12771193226376087},"best_by_cagr_over_vol":{"beta_cap":0.1,"cagr":0.2773154701999496,"cagr_over_vol":2.1714139413944156,"max_dd":-0.09974488015902526,"policy_id":3,"threshold":0.5,"vol":0.12771193226376087},"best_by_max_dd":{"beta_cap":0.35,"cagr":0.24730503149249627,"cagr_over_vol":2.1397217396953163,"max_dd":-0.08843049048173741,"policy_id":9,"threshold":0.0,"vol":0.11557812724177446},"config":{"beta_caps":[0.1,0.2,0.35],"cash_daily_return":0.0,"eps":1e-12,"p_column":"p_risk_off","seed":42,"spy_ret_column":"spy_ret_1d","thresholds":[0.0,0.4,0.5,0.6]},"schema_version":"9.6.9","warnings":[]}