{"baseline":{"avg_abs_delta_exposure":0.008958564016867463,"avg_exposure":0.7278280462134264,"cagr":0.19294163486761384,"cagr_over_vol":2.0707648116532664,"max_dd":-0.06715718174960521,"n_obs":499,"n_switches":498,"std_exposure":0.04220578109901103,"total_return":0.4181369412944955,"turnover_proxy":4.461364880399996,"vol":0.09317409383326938},"deltas_vs_baseline":{"delta_avg_abs_delta_exposure":-0.008958564016867463,"delta_avg_exposure":0.27217195378657355,"delta_cagr":0.08437383533233578,"delta_cagr_over_vol":0.10064912974114915,"delta_max_dd":-0.03258769840942005,"delta_n_switches":-498,"delta_std_exposure":-0.04220578109901103,"delta_total_return":0.2054937554938956,"delta_turnover_proxy":-4.461364880399996,"delta_vol":0.03453783843049149},"policy":{"avg_abs_delta_exposure":0.0,"avg_exposure":1.0,"cagr":0.2773154701999496,"cagr_over_vol":2.1714139413944156,"max_dd":-0.09974488015902526,"n_obs":499,"n_switches":0,"std_exposure":0.0,"total_return":0.6236306967883911,"turnover_proxy":0.0,"vol":0.12771193226376087},"recommended_policy":{"beta_cap":0.1,"policy_id":3,"threshold":0.5},"schema_version":"9.6.11","warnings":[]}