{"diagnostics":{"avg_abs_delta_exposure":0.001956171132613908,"avg_exposure":0.6650382611787081,"frac_exposure_lt_1":1.0,"n_obs":418,"n_switches":417,"std_exposure":0.010414482653637206,"turnover_proxy":0.8157233622999996},"schema_version":"9.6.7","warnings":[]}