{"best_by_cagr":{"beta_cap":0.1,"cagr":0.2831645932378841,"cagr_over_vol":2.210344436011552,"max_dd":-0.09974488015902526,"policy_id":2,"threshold":0.4,"vol":0.1281088090274471},"best_by_cagr_over_vol":{"beta_cap":0.1,"cagr":0.2831645932378841,"cagr_over_vol":2.210344436011552,"max_dd":-0.09974488015902526,"policy_id":2,"threshold":0.4,"vol":0.1281088090274471},"best_by_max_dd":{"beta_cap":0.35,"cagr":0.24701301030501543,"cagr_over_vol":2.1854826446165143,"max_dd":-0.08855710104634779,"policy_id":9,"threshold":0.0,"vol":0.11302446666116568},"config":{"beta_caps":[0.1,0.2,0.35],"cash_daily_return":0.0,"eps":1e-12,"p_column":"p_risk_off","seed":42,"spy_ret_column":"spy_ret_1d","thresholds":[0.0,0.4,0.5,0.6]},"schema_version":"9.6.9","warnings":[]}