{"baseline":{"avg_abs_delta_exposure":0.001956171132613908,"avg_exposure":0.6650382611787078,"cagr":0.18183037128412138,"cagr_over_vol":2.138672005821218,"max_dd":-0.0675381656284868,"n_obs":418,"n_switches":417,"std_exposure":0.010414482653637206,"total_return":0.3193177628951793,"turnover_proxy":0.8157233622999996,"vol":0.08502022319888236},"deltas_vs_baseline":{"delta_avg_abs_delta_exposure":-0.001956171132613908,"delta_avg_exposure":0.3349617388212922,"delta_cagr":0.10133422195376274,"delta_cagr_over_vol":0.07167243019033398,"delta_max_dd":-0.03220671453053846,"delta_n_switches":-417,"delta_std_exposure":-0.010414482653637206,"delta_total_return":0.19288918321304616,"delta_turnover_proxy":-0.8157233622999996,"delta_vol":0.04308858582856473},"policy":{"avg_abs_delta_exposure":0.0,"avg_exposure":1.0,"cagr":0.2831645932378841,"cagr_over_vol":2.210344436011552,"max_dd":-0.09974488015902526,"n_obs":418,"n_switches":0,"std_exposure":0.0,"total_return":0.5122069461082255,"turnover_proxy":0.0,"vol":0.1281088090274471},"recommended_policy":{"beta_cap":0.1,"policy_id":2,"threshold":0.4},"schema_version":"9.6.11","warnings":[]}