{
  "Final": 280.7113570697664,
  "CAGR": 0.4269040602767913,
  "MDD": -0.4905788198318932,
  "Sharpe": 1.0298395530127484,
  "Sortino": 1.2040077252367352,
  "Calmar": 0.8702048335944846,
  "NumTrades": 56,
  "TotalTaxPaid": 0.34748701769372936,
  "NumDays": 3996
}