{
  "metrics": {
    "total_return": 64.12982834015034,
    "cagr": 0.3790743413693669,
    "ann_vol": 0.5853960527726982,
    "cagr_over_vol": 0.6475519258695046,
    "max_drawdown": -0.8175454453754903,
    "n_trades": 7
  }
}