{
  "Final": 72.41577494035438,
  "CAGR": 0.3100466993862949,
  "MDD": -0.5617838708696548,
  "Sharpe": 0.8241112560167138,
  "Sortino": 0.8093936503230852,
  "Calmar": 0.5518967621949261,
  "TradesPerYear": 3.279279279279279,
  "TurnoverPerYear": 24.746341753891432,
  "TotalTaxPaid": 11.09183540353859,
  "NumDays": 3996,
  "experiment": "E00_V0_Base_OFF10_CASH"
}