{"best_by_cagr":{"beta_cap":0.1,"cagr":0.20032293685726255,"cagr_over_vol":1.5149658259765417,"max_dd":-0.10035313833498091,"policy_id":4,"threshold":0.6,"vol":0.13222934367389777},"best_by_cagr_over_vol":{"beta_cap":0.1,"cagr":0.20032293685726255,"cagr_over_vol":1.5149658259765417,"max_dd":-0.10035313833498091,"policy_id":4,"threshold":0.6,"vol":0.13222934367389777},"best_by_max_dd":{"beta_cap":0.35,"cagr":0.17580226920176845,"cagr_over_vol":1.471518081406943,"max_dd":-0.09430627253838259,"policy_id":9,"threshold":0.0,"vol":0.11947000272920939},"config":{"beta_caps":[0.1,0.2,0.35],"cash_daily_return":0.0,"eps":1e-12,"p_column":"p_risk_off","seed":42,"spy_ret_column":"spy_ret_1d","thresholds":[0.0,0.4,0.5,0.6]},"schema_version":"9.6.9","warnings":[]}