{"diagnostics":{"avg_abs_delta_exposure":0.005259274265196426,"avg_exposure":0.9724583729739218,"frac_exposure_lt_1":1.0,"n_obs":561,"n_switches":560,"std_exposure":0.012403283331325442,"turnover_proxy":2.9451935885099987},"schema_version":"9.6.7","warnings":[]}