{"diagnostics":{"avg_abs_delta_exposure":0.05259274265196427,"avg_exposure":0.7245837297392156,"frac_exposure_lt_1":1.0,"n_obs":561,"n_switches":560,"std_exposure":0.12403283331325442,"turnover_proxy":29.451935885099992},"schema_version":"9.6.7","warnings":[]}