{"baseline":{"avg_abs_delta_exposure":0.05259274265196427,"avg_exposure":0.7245837297392155,"cagr":0.1289064125647834,"cagr_over_vol":1.332643691215641,"max_dd":-0.08420065901838668,"n_obs":561,"n_switches":560,"std_exposure":0.12403283331325438,"total_return":0.3098652011024441,"turnover_proxy":29.451935885099992,"vol":0.09672984115296014},"deltas_vs_baseline":{"delta_avg_abs_delta_exposure":-0.047333468386767844,"delta_avg_exposure":0.24787464323470543,"delta_cagr":0.06521989630645297,"delta_cagr_over_vol":0.17673661877430225,"delta_max_dd":-0.014011561055310873,"delta_n_switches":0,"delta_std_exposure":-0.11162954998192894,"delta_total_return":0.17445832208255974,"delta_turnover_proxy":-26.506742296589994,"delta_vol":0.03188340998487259},"policy":{"avg_abs_delta_exposure":0.005259274265196426,"avg_exposure":0.9724583729739209,"cagr":0.19412630887123639,"cagr_over_vol":1.5093803099899432,"max_dd":-0.09821222007369755,"n_obs":561,"n_switches":560,"std_exposure":0.012403283331325442,"total_return":0.4843235231850038,"turnover_proxy":2.9451935885099987,"vol":0.12861325113783273},"recommended_policy":{"beta_cap":0.1,"policy_id":1,"threshold":0.0},"schema_version":"9.6.11","warnings":[]}