{
  "metrics": {
    "total_return": 58.16244219275188,
    "cagr": 0.17127289245397037,
    "ann_vol": 0.5461254928456382,
    "cagr_over_vol": 0.3136145349332383,
    "max_drawdown": -0.8763345976925608,
    "max_dd_date": "2009-07-08",
    "n_trades": 39,
    "years": 25.809719370294317
  }
}