{
  "Final": 81.4048537982215,
  "CAGR": 0.3197493610189901,
  "MDD": -0.5331451430909415,
  "Sharpe": 0.8411979404932985,
  "Sortino": 0.8398286299237337,
  "Calmar": 0.599741674781512,
  "TradesPerYear": 3.279279279279279,
  "TurnoverPerYear": 26.636414113231602,
  "TotalTaxPaid": 10.63267750796537,
  "NumDays": 3996,
  "experiment": "E20_Ensemble_155_160_165"
}