{
  "delta": {
    "ann_vol": 0.006896980688562149,
    "cagr": 0.0472297365232921,
    "cagr_over_vol": 0.19856439282349858,
    "cagr_over_vol_pct_change": 40.14392459993195,
    "max_drawdown": -0.03296354901326698,
    "total_cost": -0.008253384765066027,
    "total_turnover": -4.195
  },
  "interpretation": {
    "positive_cagr_over_vol": "variant outperforms baseline"
  }
}