{
  "Final": 83.86310933996673,
  "CAGR": 0.3222277779842031,
  "MDD": -0.5639631798580098,
  "Sharpe": 0.8479929169897812,
  "Sortino": 0.8242328389861707,
  "Calmar": 0.5713631483270434,
  "TradesPerYear": 6.0540540540540535,
  "TurnoverPerYear": 30.40938809149074,
  "TotalTaxPaid": 8.07265364974115,
  "NumDays": 3996,
  "experiment": "E08_MA200Guard_SGOV"
}