{
  "delta": {
    "ann_vol": -0.02115438709724951,
    "cagr": -0.031593227354802966,
    "cagr_over_vol": -0.25180318465389745,
    "cagr_over_vol_pct_change": -7915.207966326961,
    "max_drawdown": 0.009267477361393994,
    "total_cost": 0.0,
    "total_turnover": 0.0
  },
  "interpretation": {
    "positive_cagr_over_vol": "baseline outperforms variant"
  }
}