{
  "delta": {
    "ann_vol": -0.009419768677452811,
    "cagr": -0.02642675745934797,
    "cagr_over_vol": -0.1222238537761508,
    "cagr_over_vol_pct_change": -22.87157751332262,
    "max_drawdown": -0.0028729552032399353,
    "total_cost": -0.0017855204531436394,
    "total_turnover": -0.9399999999999995
  },
  "interpretation": {
    "positive_cagr_over_vol": "baseline outperforms variant"
  }
}